Subgroup,N,Events,AUC,AUPRC,Brier
Age <65,3059,706,0.8015615650685219,0.5754486760481204,0.1380884520461906
Source: other,1669,289,0.8022391053608143,0.49366632667162924,0.11529395468834922
Source: blood,969,314,0.7782685855982886,0.6584062472945761,0.17216231993966843
Source: respiratory,90,24,0.7196969696969697,0.5068824106446588,0.1716632235760531
Source: urine,331,79,0.8167570825798675,0.5390971226087068,0.14414497368899926
Pressor: 0,2088,371,0.7834992394118118,0.44602370127602237,0.12286753924321907
Pressor: 1,971,335,0.7924739509997184,0.690421970650597,0.17081890099840955
