Subgroup,N,Events,AUC,AUPRC,Brier
Age <65,3059,706,0.799860704615529,0.5749332537722193,0.13771836792570688
Source: other,1669,289,0.7949563712953212,0.475796685234239,0.11685794026547737
Source: blood,969,314,0.7850367092915836,0.6683795615255956,0.16878955167187712
Source: respiratory,90,24,0.7503156565656567,0.5446498682638397,0.16295528756430921
Source: urine,331,79,0.8084187261402451,0.5356746290381824,0.1450801623287578
Pressor: 0,2088,371,0.7778069942716486,0.4535674689422935,0.1223485917366043
Pressor: 1,971,335,0.7938280296630057,0.6826722090663797,0.17076892681638267
