Subgroup,N,Events,AUC,AUPRC,Brier
Age <65,3059,706,0.8021653389260168,0.5791108218950078,0.13751356727170233
Source: other,1669,289,0.8005177774434581,0.48808359490547987,0.11566917625337099
Source: blood,969,314,0.7844167841688141,0.6709352843218306,0.16987022135640914
Source: respiratory,90,24,0.733901515151515,0.5310747093695065,0.16651465129291093
Source: urine,331,79,0.814019489652401,0.5389724144065501,0.14505010273878816
Pressor: 0,2088,371,0.7822810424375242,0.45092976460320366,0.1222668171899204
Pressor: 1,971,335,0.7956960480615789,0.6920021422294079,0.17029957568649196
