Subgroup,N,Events,AUC,AUPRC,Brier
Age <65,3059,706,0.8001779417270941,0.5770758952940922,0.13829632500360467
Source: other,1669,289,0.795698560754225,0.4904982453066369,0.11633624093257097
Source: blood,969,314,0.7809743764282588,0.6602567166776421,0.1717641037611276
Source: respiratory,90,24,0.734848484848485,0.5169464846387467,0.16877175143822556
Source: urine,331,79,0.8197960618846695,0.5420155191213419,0.14276253140662462
Pressor: 0,2088,371,0.7788862602765747,0.44662485458600815,0.12322605662602322
Pressor: 1,971,335,0.7958204261710317,0.6940253019908353,0.17070283414097862
