Variable,Skew_Original,Kurt_Original,Skew_Log1p,Kurt_Log1p,N
sofa_total,0.9160643906727777,0.5396366101521188,,,20391
lactate_max_24h,1.256836753534727,2.099314807723519,,,20391
age,-0.5876921236189988,0.017329818043057443,,,20391
creatinine_max,-0.4069565459230768,5.941922419797745,,,20391
wbc_max,0.010784911799613984,5.452719288875242,,,20391
mbp_mean,0.8353101554013319,1.8164094553880066,,,20391
