Subgroup,N,Events,AUC,AUPRC,Brier
Age <65,3059,706,0.8019880593636717,0.5805407296753464,0.1376158881284128
Source: other,1669,289,0.79790005516273,0.4884347938945085,0.1160481122855961
Source: blood,969,314,0.7818544269947002,0.6675364232512093,0.1705241057514671
Source: respiratory,90,24,0.7367424242424242,0.5042718305946057,0.16897004997008314
Source: urine,331,79,0.8273056057866184,0.5626606622454033,0.1415031402105009
Pressor: 0,2088,371,0.7808022517805926,0.4507984909962949,0.12287346567597364
Pressor: 1,971,335,0.7984394067398854,0.6975444083986209,0.1693174103536373
