infection_source,count,mortality_rate
blood,6372,0.32642812303829255
other,11036,0.16690830010873506
respiratory,564,0.3102836879432624
urine,2419,0.25051674245556016
