variable,transformation,skewness_before,skewness_after,kurtosis_before,kurtosis_after
lactate_max_24h,after log1p,2.9739285745356328,0.9925732996846409,12.506574999199708,0.8857971158132192
wbc_max,log1p,1.4320637006133572,-0.6536011975739425,3.0539867265011624,2.282178744991824
platelets_min,log1p,1.6274543811029565,-0.8837837178433149,5.5942692760263135,1.881540139525109
creatinine_max,log1p,2.636926818715769,1.319567181825548,7.9211175335336765,1.4648424863652023
urine_output_24h,yeo-johnson,1.791804105219939,0.001074171304417613,7.556875337610473,0.5437834982403498
inr_max,log1p,4.277376787825449,2.3825890632086395,24.01682022516849,7.166142312179867
