Group,N,Events,Event_Rate
Overall,3059,706,0.2307943772474665
Age <65,3059,706,0.2307943772474665
Infection: other,1669,289,0.1731575793888556
Infection: blood,969,314,0.3240454076367389
Infection: respiratory,90,24,0.26666666666666666
Infection: urine,331,79,0.23867069486404835
