Subgroup,N,Events,AUC,AUPRC,Brier
Age <65,3059,706,0.799493805147789,0.5773971893586549,0.13829837867328754
Source: other,1669,289,0.7965209869113887,0.49010095689589833,0.11622088381142272
Source: blood,969,314,0.7783633976758887,0.6642145976769487,0.17141831166555388
Source: respiratory,90,24,0.726010101010101,0.5175287181923459,0.16816573365682025
Source: urine,331,79,0.8182388989351015,0.5366892134219186,0.14454025754467226
Pressor: 0,2088,371,0.7792002285689168,0.44710338808281574,0.12318035469041134
Pressor: 1,971,335,0.7928752464094622,0.6937911876808757,0.17080757957570306
