Subgroup,N,Events,AUC,AUPRC,Brier
Age <65,3059,706,0.8007814146006123,0.57509662936052,0.13808737978313704
Source: other,1669,289,0.8002870969359611,0.4867870952131946,0.11572393139242049
Source: blood,969,314,0.7785967812515194,0.6624138859517155,0.17158889558929016
Source: respiratory,90,24,0.7323232323232324,0.5038785524388463,0.1719246770558527
Source: urine,331,79,0.8202983725135624,0.5483896594715442,0.1435745997027719
Pressor: 0,2088,371,0.7817480812612734,0.4514555908723739,0.12244404860490629
Pressor: 1,971,335,0.7920750023467569,0.6857599824345944,0.17172618050419344
